{
  "cpu_percent": {
    "last": 3.8,
    "mean": 15.722222222222223,
    "peak": 77.2
  },
  "duration_seconds": 9.134,
  "finished_epoch_ms": 1782923435839,
  "label": "qwen3-asr-0.6b-mlx-8bit:segmented:smoke",
  "pid": 30138,
  "rss_mb": {
    "last": 1156.453125,
    "mean": 1023.2881944444445,
    "peak": 1156.453125
  },
  "sample_count": 9,
  "schema_version": "1.0",
  "started_epoch_ms": 1782923426705,
  "stop_reason": "signal_15"
}
