model_id,mode,suite_id,case_count,mean_cer,mean_wer,mean_rtf,mean_first_partial_latency_ms,mean_final_latency_ms,mean_final_coverage_ratio,peak_rss_mb,mean_rss_mb,peak_cpu_percent,mean_cpu_percent,numeric_pass_rate
qwen3-asr-0.6b-mlx-8bit,file_level,smoke,1,0.10526315789473684,0.10526315789473684,0.031010682688777734,,195.17116690985858,0.9473684210526315,90.78125,54.5390625,64.0,34.15,
qwen3-asr-1.7b-mlx-8bit,file_level,smoke,1,0.10526315789473684,0.10526315789473684,0.04564245126444239,,287.2557920636609,0.9473684210526315,2065.109375,1041.6640625,86.0,47.3,
mimo-v2.5-asr-mlx,file_level,smoke,1,0.0,0.0,6.616363626628634,,41638.84754094761,1.0,7107.6875,6757.638494318182,87.1,7.586363636363636,
qwen3-asr-0.6b-mlx-8bit,segmented,smoke,1,0.10526315789473684,0.10526315789473684,1.2626298551151338,1087.7245829906315,154.61358393076807,0.9473684210526315,1156.453125,1023.2881944444445,77.2,15.722222222222223,
qwen3-asr-1.7b-mlx-8bit,segmented,smoke,1,0.10526315789473684,0.10526315789473684,1.3632129477096433,1129.313417011872,267.12374994531274,0.9473684210526315,2553.421875,2289.496875,120.0,21.83,
mimo-v2.5-asr-mlx,segmented,smoke,1,,,,,,,,,,,
