{
  "cpu_percent": {
    "last": 15.2,
    "mean": 19.076470588235296,
    "peak": 106.2
  },
  "duration_seconds": 291.816,
  "finished_epoch_ms": 1782918394623,
  "label": "qwen3_mlx_segmented_cache_service",
  "pid": 16064,
  "rss_mb": {
    "last": 1234.375,
    "mean": 1200.1684688581315,
    "peak": 1234.40625
  },
  "sample_count": 289,
  "schema_version": "1.0",
  "started_epoch_ms": 1782918102807,
  "stop_reason": "signal_15"
}
