{
  "cpu_percent": {
    "last": 15.0,
    "mean": 18.166666666666664,
    "peak": 74.1
  },
  "duration_seconds": 9.404,
  "finished_epoch_ms": 1782923944486,
  "label": "qwen3-asr-0.6b-mlx-8bit:segmented:smoke",
  "pid": 49253,
  "process_scope": "process_tree",
  "rss_mb": {
    "last": 1185.203125,
    "mean": 1037.9809027777778,
    "peak": 1185.203125
  },
  "sample_count": 9,
  "schema_version": "1.0",
  "started_epoch_ms": 1782923935082,
  "stop_reason": "signal_15"
}
