{
  "cpu_percent": {
    "last": 37.8,
    "mean": 4.953421368547419,
    "peak": 49.6
  },
  "duration_seconds": 877.095,
  "finished_epoch_ms": 1782929508305,
  "label": "qwen3-asr-0.6b-mlx-8bit:segmented:segment_budget",
  "pid": 43016,
  "process_scope": "process_tree",
  "rss_mb": {
    "last": 1427.546875,
    "mean": 1374.3964585834333,
    "peak": 1427.546875
  },
  "sample_count": 833,
  "schema_version": "1.0",
  "started_epoch_ms": 1782928631210,
  "stop_reason": "signal_15"
}
