model_id,mode,suite_id,case_count,mean_cer,mean_wer,mean_rtf,mean_first_partial_latency_ms,mean_final_latency_ms,mean_final_coverage_ratio,peak_rss_mb,mean_rss_mb,peak_cpu_percent,mean_cpu_percent,numeric_pass_rate
qwen3-asr-0.6b-mlx-8bit,file_level,smoke,1,0.10526315789473684,0.10526315789473684,0.025313636502349163,,159.31645897217095,0.9473684210526315,668.859375,345.3515625,73.1,36.55,
qwen3-asr-1.7b-mlx-8bit,file_level,smoke,1,0.10526315789473684,0.10526315789473684,0.04397272898581209,,276.7434590496123,0.9473684210526315,2347.953125,1185.5234375,83.0,41.5,
mimo-v2.5-asr-mlx,file_level,smoke,1,0.0,0.0,0.21023096596696372,,1323.0521250516176,1.0,7082.609375,4651.01171875,159.5,71.075,
qwen3-asr-0.6b-mlx-8bit,segmented,smoke,1,0.10526315789473684,0.10526315789473684,1.2693457273910334,1086.8281669681892,147.2325420472771,0.9473684210526315,1185.203125,1037.9809027777778,74.1,18.166666666666664,
qwen3-asr-1.7b-mlx-8bit,segmented,smoke,1,0.10526315789473684,0.10526315789473684,1.355761102127806,1124.3048750329763,256.5051669953391,0.9473684210526315,2573.15625,2297.365625,87.6,16.509999999999998,
mimo-v2.5-asr-mlx,segmented,smoke,1,,,,,,,,,,,
