{
  "cpu_percent": {
    "last": 0.0,
    "mean": 5.8910863509749305,
    "peak": 58.6
  },
  "duration_seconds": 1136.103,
  "finished_epoch_ms": 1782932678375,
  "label": "qwen3-asr-1.7b-mlx-8bit:segmented:long_synthetic",
  "pid": 1415,
  "process_scope": "process_tree",
  "rss_mb": {
    "last": 2849.171875,
    "mean": 2767.3521355617454,
    "peak": 2850.015625
  },
  "sample_count": 1077,
  "schema_version": "1.0",
  "started_epoch_ms": 1782931542272,
  "stop_reason": "signal_15"
}
