{
  "schema_version": "1.0",
  "purpose": "Compare Qwen3-ASR MLX base recognition quality with and without numeric-style system prompt on the original non-numeric base cases.",
  "baseline_summary": "eval/asr_streaming/results/base-regression-no-prompt-http-20260630-224639/summary.json",
  "prompt_summary": "eval/asr_streaming/results/base-regression-prompt-v2-http-20260630-224848/summary.json",
  "suite": "eval/asr_streaming/cases.local.jsonl",
  "case_count": 10,
  "aggregate": {
    "baseline_mean_cer": 0.05104433311019448,
    "prompt_mean_cer": 0.049728543636510275,
    "delta_mean_cer": -0.0013157894736842077,
    "baseline_mean_wer": 0.18975131748384552,
    "prompt_mean_wer": 0.16197032654495985,
    "delta_mean_wer": -0.02778099093888567,
    "baseline_mean_rtf": 0.20898300459599184,
    "prompt_mean_rtf": 0.2569905043487902,
    "delta_mean_rtf": 0.04800749975279839,
    "baseline_mean_final_coverage_ratio": 0.9896024826375703,
    "prompt_mean_final_coverage_ratio": 0.9896024826375703,
    "delta_mean_final_coverage_ratio": 0.0
  },
  "regression_rule": "flag if delta_cer > 0.02, delta_wer > 0.05, or final coverage drops by more than 0.05",
  "regressions": [],
  "improvements": [
    {
      "case_id": "hotword_001",
      "scenario": "project_hotwords",
      "duration_seconds": 9.92,
      "baseline_cer": 0.047619047619047616,
      "prompt_cer": 0.047619047619047616,
      "delta_cer": 0.0,
      "baseline_wer": 0.75,
      "prompt_wer": 0.5,
      "delta_wer": -0.25,
      "baseline_rtf": 0.08569955897391698,
      "prompt_rtf": 0.11341479758782717,
      "delta_rtf": 0.02771523861391019,
      "baseline_final_coverage_ratio": 1.0158730158730158,
      "prompt_final_coverage_ratio": 1.0158730158730158,
      "delta_final_coverage_ratio": 0.0,
      "final_text_changed": true,
      "baseline_final_text": "Local Voice Input 的核心模块包括 Focus Detector、Paste Engine 和 Transcribed Buffer。",
      "prompt_final_text": "LocalVoiceInput 的核心模块包括 Focus Detector、Paste Engine 和 Transcribed Buffer。"
    },
    {
      "case_id": "long_200_001",
      "scenario": "long_200",
      "duration_seconds": 42.0053125,
      "baseline_cer": 0.013157894736842105,
      "prompt_cer": 0.0,
      "delta_cer": -0.013157894736842105,
      "baseline_wer": 0.013157894736842105,
      "prompt_wer": 0.0,
      "delta_wer": -0.013157894736842105,
      "baseline_rtf": 0.2965642907213125,
      "prompt_rtf": 0.328223114634648,
      "delta_rtf": 0.031658823913335465,
      "baseline_final_coverage_ratio": 1.0,
      "prompt_final_coverage_ratio": 1.0,
      "delta_final_coverage_ratio": 0.0,
      "final_text_changed": true,
      "baseline_final_text": "现在我们要测试一段更接近真实使用的长文本输入。我可能会连续说一两分钟，中间有停顿，也可能会临时修改说法。模型需要持续输出稳定的实时转写，不能在收到中途的离线片段时提前结束整个绘画。等我真正停止录音以后，它才应该给出最终结果。如果当前输入框仍然安全可用，就自动粘贴；如果焦点变化、目标不可编辑或者粘贴无法确认，就把结果保留在剪切板。",
      "prompt_final_text": "现在我们要测试一段更接近真实使用的长文本输入。我可能会连续说一两分钟，中间有停顿，也可能会临时修改说法。模型需要持续输出稳定的实时转写，不能在收到中途的离线片段时提前结束整个会话。等我真正停止录音以后，它才应该给出最终结果。如果当前输入框仍然安全可用，就自动粘贴；如果焦点变化、目标不可编辑或者粘贴无法确认，就把结果保留在剪切板。"
    }
  ],
  "cases": [
    {
      "case_id": "zh_short_001",
      "scenario": "short_dictation",
      "duration_seconds": 6.2933125,
      "baseline_cer": 0.10526315789473684,
      "prompt_cer": 0.10526315789473684,
      "delta_cer": 0.0,
      "baseline_wer": 0.10526315789473684,
      "prompt_wer": 0.10526315789473684,
      "delta_wer": 0.0,
      "baseline_rtf": 0.09168075238729122,
      "prompt_rtf": 0.19820846192723796,
      "delta_rtf": 0.10652770953994674,
      "baseline_final_coverage_ratio": 0.9473684210526315,
      "prompt_final_coverage_ratio": 0.9473684210526315,
      "delta_final_coverage_ratio": 0.0,
      "final_text_changed": false,
      "baseline_final_text": "我想要做一个本地离线的中文云输入工具。",
      "prompt_final_text": "我想要做一个本地离线的中文云输入工具。"
    },
    {
      "case_id": "mix_tech_001",
      "scenario": "code_switch_hotwords",
      "duration_seconds": 8.512,
      "baseline_cer": 0.15151515151515152,
      "prompt_cer": 0.15151515151515152,
      "delta_cer": 0.0,
      "baseline_wer": 0.5384615384615384,
      "prompt_wer": 0.5384615384615384,
      "delta_wer": 0.0,
      "baseline_rtf": 0.12009266330486362,
      "prompt_rtf": 0.13912389861212787,
      "delta_rtf": 0.01903123530726425,
      "baseline_final_coverage_ratio": 0.9696969696969697,
      "prompt_final_coverage_ratio": 0.9696969696969697,
      "delta_final_coverage_ratio": 0.0,
      "final_text_changed": false,
      "baseline_final_text": "这个项目需要支持 Fun ASR、千问三、杠 ASR 和 MacBook Pro。",
      "prompt_final_text": "这个项目需要支持 Fun ASR、千问三、杠 ASR 和 MacBook Pro。"
    },
    {
      "case_id": "hotword_001",
      "scenario": "project_hotwords",
      "duration_seconds": 9.92,
      "baseline_cer": 0.047619047619047616,
      "prompt_cer": 0.047619047619047616,
      "delta_cer": 0.0,
      "baseline_wer": 0.75,
      "prompt_wer": 0.5,
      "delta_wer": -0.25,
      "baseline_rtf": 0.08569955897391698,
      "prompt_rtf": 0.11341479758782717,
      "delta_rtf": 0.02771523861391019,
      "baseline_final_coverage_ratio": 1.0158730158730158,
      "prompt_final_coverage_ratio": 1.0158730158730158,
      "delta_final_coverage_ratio": 0.0,
      "final_text_changed": true,
      "baseline_final_text": "Local Voice Input 的核心模块包括 Focus Detector、Paste Engine 和 Transcribed Buffer。",
      "prompt_final_text": "LocalVoiceInput 的核心模块包括 Focus Detector、Paste Engine 和 Transcribed Buffer。"
    },
    {
      "case_id": "punctuation_001",
      "scenario": "fillers_punctuation",
      "duration_seconds": 8.0,
      "baseline_cer": 0.0,
      "prompt_cer": 0.0,
      "delta_cer": 0.0,
      "baseline_wer": 0.0,
      "prompt_wer": 0.0,
      "delta_wer": 0.0,
      "baseline_rtf": 0.09090975525032263,
      "prompt_rtf": 0.15229288025875576,
      "delta_rtf": 0.061383125008433126,
      "baseline_final_coverage_ratio": 1.0,
      "prompt_final_coverage_ratio": 1.0,
      "delta_final_coverage_ratio": 0.0,
      "final_text_changed": false,
      "baseline_final_text": "嗯，我想说一下，就是这个功能最好能够自动补标点。",
      "prompt_final_text": "嗯，我想说一下，就是这个功能最好能够自动补标点。"
    },
    {
      "case_id": "zh_numbers_001",
      "scenario": "numbers_dates",
      "duration_seconds": 10.4106875,
      "baseline_cer": 0.12,
      "prompt_cer": 0.12,
      "delta_cer": 0.0,
      "baseline_wer": 0.12,
      "prompt_wer": 0.12,
      "delta_wer": 0.0,
      "baseline_rtf": 0.10473600240673384,
      "prompt_rtf": 0.17906908165513885,
      "delta_rtf": 0.07433307924840502,
      "baseline_final_coverage_ratio": 0.96,
      "prompt_final_coverage_ratio": 0.96,
      "delta_final_coverage_ratio": 0.0,
      "final_text_changed": false,
      "baseline_final_text": "二零二六年五月十三日，我在测试云输入的数字归整能力。",
      "prompt_final_text": "二零二六年五月十三日，我在测试云输入的数字归整能力。"
    },
    {
      "case_id": "safety_001",
      "scenario": "safety_rule",
      "duration_seconds": 8.576,
      "baseline_cer": 0.0,
      "prompt_cer": 0.0,
      "delta_cer": 0.0,
      "baseline_wer": 0.0,
      "prompt_wer": 0.0,
      "delta_wer": 0.0,
      "baseline_rtf": 0.1043644618614813,
      "prompt_rtf": 0.19268995358505714,
      "delta_rtf": 0.08832549172357584,
      "baseline_final_coverage_ratio": 1.0,
      "prompt_final_coverage_ratio": 1.0,
      "delta_final_coverage_ratio": 0.0,
      "final_text_changed": false,
      "baseline_final_text": "密码框和安全输入框永远不应该自动粘贴，只能复制到剪切板。",
      "prompt_final_text": "密码框和安全输入框永远不应该自动粘贴，只能复制到剪切板。"
    },
    {
      "case_id": "long_120_001",
      "scenario": "long_120",
      "duration_seconds": 32.9173125,
      "baseline_cer": 0.00819672131147541,
      "prompt_cer": 0.00819672131147541,
      "delta_cer": 0.0,
      "baseline_wer": 0.00819672131147541,
      "prompt_wer": 0.00819672131147541,
      "delta_wer": 0.0,
      "baseline_rtf": 0.23761255442467494,
      "prompt_rtf": 0.2641516362550023,
      "delta_rtf": 0.026539081830327382,
      "baseline_final_coverage_ratio": 1.0,
      "prompt_final_coverage_ratio": 1.0,