{
  "cpu_percent": {
    "last": 24.4,
    "mean": 7.586363636363636,
    "peak": 87.1
  },
  "duration_seconds": 44.723,
  "finished_epoch_ms": 1782923493113,
  "label": "mimo-v2.5-asr-mlx:file_level:smoke",
  "pid": 32698,
  "rss_mb": {
    "last": 7107.6875,
    "mean": 6757.638494318182,
    "peak": 7107.6875
  },
  "sample_count": 44,
  "schema_version": "1.0",
  "started_epoch_ms": 1782923448390,
  "stop_reason": "process_exited"
}
